<?xml version="1.0" encoding="utf-8"?>
<install version="1.5.0" client="site" type="module" method="upgrade">
    <name>Safe Contact</name>
    <author>Nebojsa Ilijoski</author>
    <creationDate>July 2013</creationDate>
    <copyright>Copyright (C) 2013 Nebojsa Ilijoski. All rights reserved.</copyright>
    <license>GNU General Public License</license>
    <authorEmail>nebojsa.ilijoski@gmail.com</authorEmail>
    <authorUrl>https://github.com/nesoman/</authorUrl>
    <version>1.0</version>
    <description>Safe Contact. Lightweight, easy configureable and spam free contact form.</description>
    <files>
        <filename module="mod_safe_contact">mod_safe_contact.php</filename>
        <filename>recaptchalib.php</filename>
        <filename>images/refresh-captcha.png</filename>
    </files>
    <params>        
        <param name="email_recipient"
               type="text"
               default="email@email.com"
               label="Email Recipient"        
               description="The recipient of the contact mail." />         
        <param name="from_name"
               type="text"
               default="Safe Contact"
               label="Mail From Name"
               description="The name of the message's sender" />
        <param name="from_email"
               type="text"
               default="safe_contact@yoursite.com"
               label="Mail From Email"
               description="The email of the message's sender" />          

        <param name="@spacer" type="spacer" default="" label="" description=""/>
         
        <param name="name_label"
               type="text"
               default="Name"
               label="Name Label"
               description="The label for the name input." />
        <param name="email_label"
               type="text"
               default="Email *"
               label="Email Label"
               description="The label for the email input." />        
        <param name="subject_label"
               type="text"
               default="Subject"
               label="Subject Label"
               description="The label for the subject input." />
        <param name="message_label"
               type="text"
               default="Message *"
               label="Message Label"
               description="The label for the message text area." />  
        <param name="button_text"
               type="text"
               default="Send Message"
               label="Button Text"
               description="The text on the send button" /> 
        <param name="page_text"
               type="textarea"
               default="Thank you for your contact."
               label="Thank you text"
               description="The text displayed to the user when he sends a message" 
               rows="2"
               cols="50" /> 
        <param name="error_text"
               type="textarea"
               default="Your message could not be sent. Please try again."
               label="Error page text"
               description="The text displayed to the user when the message fails to be sent" 
               rows="2"
               cols="50" />           
        <param name="no_email"
               type="textarea"
               default="Please write your email!"
               label="No Email Error Message"
               description="The error message when the user does not write an email" 
               rows="2"
               cols="50"/>
        <param name="invalid_email"
               type="textarea"
               default="Please write a valid email!"
               label="Invalid Email Error Message"
               description="The error message when the user writes an invalid email" 
               rows="2"
               cols="50"/>
        <param name="no_message"
               type="textarea"
               default="Please write your message!"
               label="No Message Error Message"
               description="The error message when the user does not write a message" 
               rows="2"
               cols="50"/>
        <param name="wrong_recaptcha"
               type="textarea"
               default="The reCAPTCHA wasn't entered correctly. Please try again."
               label="Wrong reCaptcha"
               description="The reCAPTCHA wasn't entered correctly. Please try again."
               rows="2"
               cols="50"/>
        <param name="pre_text"
               type="textarea"
               default=""
               label="Small Intro Text"
               description="A small text shown before (above) the message form. HTML is welcome!" 
               rows="2"
               cols="50"/>        
        
        <param name="@spacer" type="spacer" default="" label="" description=""/>
        
        <param name="thank_text_color"
               type="text"
               default="#FF0000"
               label="Text Color"
               description="The color of the Thank you text." />  
        <param name="error_text_color"
               type="text"
               default="#FF0000"
               label="Error Text Color"
               description="The color of the Error text." />  
        <param name="label_color"
               type="text"
               default="#BCBCBC"
               label="Label Text Color"
               description="The color of the Label text." /> 
        <param name="text_color"
               type="text"
               default="#000000"
               label="Text Color"
               description="The color of the text." />         
        <param name="input_width"
               type="text"
               default="176"
               label="Input Width"
               description="Width in pixels of the all inputs" />         
        <param name="textarea_width"
               type="text"
               default="174"
               label="Message Textarea Width"
               description="Width in pixels of the message input" />
        <param name="recaptcha_width"
               type="text"
               default="178"
               label="reCaptcha Width"
               description="Width in pixels of the reCaptcha image" />        
        <param name="button_width"
               type="text"
               default="100"
               label="Button Width"
               description="Width in percent of the send button" />             
        
        <param name="@spacer" type="spacer" default="" label="" description=""/>
        
        <param name="exact_url"
               type="radio"
               default="1"
               label="Exact URL"
               description="This is an advanced option about the url retrieval way. If your site is http and your server/host supports https this should be No.">
            <option value="0">No</option>
            <option value="1">Yes</option>
        </param>     
        <param name="disable_https"
               type="radio"
               default="0"
               label="Disable HTTPS"
               description="This is an advanced option about the url retrieval way. Please enable it if Rapid Contact posts in https and your site is http.">
            <option value="0">No</option>
            <option value="1">Yes</option>
        </param>       
        <param name="fixed_url"
               type="radio"
               default="0"
               label="Fixed URL"
               description="A simple solution to people that want to use Rapid Contact in an exact page. Change this to Yes and write the URL of Rapid Contact in the Fixed URL Address parameter">
            <option value="0">No</option>
            <option value="1">Yes</option>        
        </param>        
        <param name="fixed_url_address"
               type="text"
               default=""
               label="Fixed URL Address"
               description="If fixed url is true, this address is used for Rapid Contact to post itself."/>   
        
        <param name="@spacer" type="spacer" default="" label="" description=""/>
        
        <param name="enable_recaptcha"
               type="radio"
               default="1"
               label="Enable reCaptcha"
               description="Enable this to use the reCaptcha for anti-spam control. By default Public ans Private key are set up for localhost so they will work on any server. For your safety generate own keys for your domain.">
            <option value="0">No</option>
            <option value="1">Yes</option>
        </param>  
           
        <param name="public_key"
               type="text"
               default="6Leha8QSAAAAAGo3GXc6ce6ESObwbOqi3WBTq2KN"
               label="reCaptcha Public Key"
               description="Write here your reCaptcha Public Key" 
               size="70"/>    
        <param name="private_key"
               type="text"
               default="6Leha8QSAAAAAOyekb4TZpIyXpPlmyhqhYUlj79m"
               label="reCaptcha Private Key"
               description="Write here your reCaptcha Private Key" 
               size="70"/>    
                          
               
        <param name="@spacer" type="spacer" default="" label="" description=""/>
         
        <param name="moduleclass_sfx"
               type="text"
               default=""
               label="Module Class Suffix"
               description="If you want to apply a custom style, change this class suffix." />                  
    </params>
    <params group="advanced">
        <param name="cache" type="list"
                         default="1" label="Caching"
                         description="Select whether to cache the content of this module">
            <option value="1">Use global</option>
            <option value="0">No caching</option>
        </param>
        <param name="cache_time" type="text"
                         default="900" label="Cache Time"
                         description="The time before the module is recached" />
    </params>     
</install>